meshSize, nNodes, meanDefX, meanDefY
0.08, 42030, 0.0000046554382039152988483174562539534946381536428816616535186768, -0.0000312089883976204735004968127132229938069940544664859771728516
0.16, 12374, 0.0000045929427214129878168026761831033155658587929792702198028564, -0.0000295627463195552274291891259316855666838819161057472229003906
0.32, 3703, 0.0000043737720909660484150654341517494572144642006605863571166992, -0.0000278220586606191467226797953138373031833907589316368103027344
0.64, 1462, 0.0000040362653357517061018214406253878934194290195591747760772705, -0.0000236212789169612024720631276997195868716516997665166854858398
1.28, 659, 0.0000034805255667637320825193343598602524480156716890633106231689, -0.0000203912013088013259747444810843219897833478171378374099731445
2.56, 334, 0.0000026367643143116651771996981207246690814827161375433206558228, -0.0000153214118779692794484938861421241540483606513589620590209961
5.12, 219, 0.0000019982898650005585871691857896559341156716982368379831314087, -0.0000092884623559051080800025995687363433717109728604555130004883